nickname,attempt,trial,score,time,repetitions,dots,countdown_duration,presentation_time,solution_time
testing,1,1,92.84566480702546,1959,5,3,3,2,3
testing,1,2,76.60478297127825,1693,5,3,3,2,3
testing,1,3,88.45092417926253,1342,5,3,3,2,3
testing,1,4,89.4633823646188,1975,5,3,3,2,3
testing,1,5,87.69165918011785,2054,5,3,3,2,3
